{
	"content": [
          {
 	     	"path": "manifest.json",
      		"size": 308,
      		"date": 132449148000000000
          }, 
    {
      "path": "SimObjects/AirPlanes/Asobo_A320_NEO_MALEVTP-HALADV3/model.MALEV/A320_NEO_LOD00.bin",
      "size": 28729588,
      "date": 132647292180128700
    },
    {
      "path": "SimObjects/AirPlanes/Asobo_A320_NEO_MALEVTP-HALADV3/model.MALEV/A320_NEO_LOD00.gltf",
      "size": 666721,
      "date": 132647292180128700
    },
    {
      "path": "SimObjects/AirPlanes/Asobo_A320_NEO_MALEVTP-HALADV3/model.MALEV/A320_NEO_LOD01.bin",
      "size": 19315292,
      "date": 132647292182008830
    },
    {
      "path": "SimObjects/AirPlanes/Asobo_A320_NEO_MALEVTP-HALADV3/model.MALEV/A320_NEO_LOD01.gltf",
      "size": 627455,
      "date": 132647292182008830
    },
    {
      "path": "SimObjects/AirPlanes/Asobo_A320_NEO_MALEVTP-HALADV3/model.MALEV/A320_NEO_LOD02.bin",
      "size": 8022216,
      "date": 132647292182568880
    },
    {
      "path": "SimObjects/AirPlanes/Asobo_A320_NEO_MALEVTP-HALADV3/model.MALEV/A320_NEO_LOD02.gltf",
      "size": 563670,
      "date": 132647292182568880
    },
    {
      "path": "SimObjects/AirPlanes/Asobo_A320_NEO_MALEVTP-HALADV3/model.MALEV/A320_NEO_LOD03.bin",
      "size": 2589012,
      "date": 132647292182968910
    },
    {
      "path": "SimObjects/AirPlanes/Asobo_A320_NEO_MALEVTP-HALADV3/model.MALEV/A320_NEO_LOD03.gltf",
      "size": 450751,
      "date": 132647292182928900
    },
    {
      "path": "SimObjects/AirPlanes/Asobo_A320_NEO_MALEVTP-HALADV3/model.MALEV/A320_NEO_LOD04.bin",
      "size": 1438956,
      "date": 132647292183048910
    },
    {
      "path": "SimObjects/AirPlanes/Asobo_A320_NEO_MALEVTP-HALADV3/model.MALEV/A320_NEO_LOD04.gltf",
      "size": 380196,
      "date": 132647292183048910
    },
    {
      "path": "SimObjects/AirPlanes/Asobo_A320_NEO_MALEVTP-HALADV3/model.MALEV/A320_NEO_LOD05.bin",
      "size": 1416468,
      "date": 132647292183168930
    },
    {
      "path": "SimObjects/AirPlanes/Asobo_A320_NEO_MALEVTP-HALADV3/model.MALEV/A320_NEO_LOD05.gltf",
      "size": 344974,
      "date": 132647292183168930
    },
    {
      "path": "SimObjects/AirPlanes/Asobo_A320_NEO_MALEVTP-HALADV3/model.MALEV/A320_NEO_LOD06.bin",
      "size": 867400,
      "date": 132647292183208930
    },
    {
      "path": "SimObjects/AirPlanes/Asobo_A320_NEO_MALEVTP-HALADV3/model.MALEV/A320_NEO_LOD06.gltf",
      "size": 208802,
      "date": 132647292183208930
    },
    {
      "path": "SimObjects/AirPlanes/Asobo_A320_NEO_MALEVTP-HALADV3/model.MALEV/model.CFG",
      "size": 866,
      "date": 132647291149633300
    },
    {
      "path": "SimObjects/AirPlanes/Asobo_A320_NEO_MALEVTP-HALADV3/model.MALEV/A320_NEO.xml",
      "size": 13610,
      "date": 132647291149633300
    },
	  {
		"path": "SimObjects/AirPlanes/Asobo_A320_NEO_MALEVTP-HALADV3/aircraft.cfg",
		"size": 2154,
		"date": 1600488552573
	  },
	  {
		"path": "SimObjects/AirPlanes/Asobo_A320_NEO_MALEVTP-HALADV3/TEXTURE.HALADV3/A320NEO_AIRFRAME_ENGINES_ALBD.PNG.DDS",
		"size": 5592580,
		"date": 1599390497388
	  },
	  {
		"path": "SimObjects/AirPlanes/Asobo_A320_NEO_MALEVTP-HALADV3/TEXTURE.HALADV3/A320NEO_AIRFRAME_ENGINES_ALBD.PNG.DDS.json",
		"size": 102,
		"date": 1597711348322
	  },
	  {
		"path": "SimObjects/AirPlanes/Asobo_A320_NEO_MALEVTP-HALADV3/TEXTURE.HALADV3/A320NEO_AIRFRAME_ENGINES_COMP.PNG.DDS",
		"size": 5592580,
		"date": 1599568761526
	  },
	  {
		"path": "SimObjects/AirPlanes/Asobo_A320_NEO_MALEVTP-HALADV3/TEXTURE.HALADV3/A320NEO_AIRFRAME_ENGINES_COMP.PNG.DDS.json",
		"size": 191,
		"date": 1597711348340
	  },
	  {
		"path": "SimObjects/AirPlanes/Asobo_A320_NEO_MALEVTP-HALADV3/TEXTURE.HALADV3/A320NEO_AIRFRAME_FUSELAGE_ALBD.PNG.DDS",
		"size": 89478660,
		"date": 1600481991441
	  },
	  {
		"path": "SimObjects/AirPlanes/Asobo_A320_NEO_MALEVTP-HALADV3/TEXTURE.HALADV3/A320NEO_AIRFRAME_FUSELAGE_ALBD.PNG.DDS.json",
		"size": 102,
		"date": 1597711348403
	  },
	  {
		"path": "SimObjects/AirPlanes/Asobo_A320_NEO_MALEVTP-HALADV3/TEXTURE.HALADV3/A320NEO_AIRFRAME_FUSELAGE_COMP.dds",
		"size": 5592580,
		"date": 1600290721688
	  },
	  {
		"path": "SimObjects/AirPlanes/Asobo_A320_NEO_MALEVTP-HALADV3/TEXTURE.HALADV3/A320NEO_AIRFRAME_FUSELAGE_COMP.PNG.dds",
		"size": 5592580,
		"date": 1600290821086
	  },
	  {
		"path": "SimObjects/AirPlanes/Asobo_A320_NEO_MALEVTP-HALADV3/TEXTURE.HALADV3/A320NEO_AIRFRAME_FUSELAGE_COMP.PNG.DDS.json",
		"size": 191,
		"date": 1597711348426
	  },
	  {
		"path": "SimObjects/AirPlanes/Asobo_A320_NEO_MALEVTP-HALADV3/TEXTURE.HALADV3/A320NEO_AIRFRAME_LIVERY_ALBD.PNG.DDS",
		"size": 89478660,
		"date": 1600233490003
	  },
	  {
		"path": "SimObjects/AirPlanes/Asobo_A320_NEO_MALEVTP-HALADV3/TEXTURE.HALADV3/A320NEO_AIRFRAME_LIVERY_ALBD.PNG.DDS.json",
		"size": 119,
		"date": 1597711348664
	  },
	  {
		"path": "SimObjects/AirPlanes/Asobo_A320_NEO_MALEVTP-HALADV3/TEXTURE.HALADV3/A320NEO_AIRFRAME_LIVERY_TEXTS_ALBD.PNG.DDS",
		"size": 5592580,
		"date": 1599386953963
	  },
	  {
		"path": "SimObjects/AirPlanes/Asobo_A320_NEO_MALEVTP-HALADV3/TEXTURE.HALADV3/A320NEO_AIRFRAME_LIVERY_TEXTS_ALBD.PNG.DDS.json",
		"size": 119,
		"date": 1597711348670
	  },
	  {
		"path": "SimObjects/AirPlanes/Asobo_A320_NEO_MALEVTP-HALADV3/TEXTURE.HALADV3/A320NEO_AIRFRAME_WINGS_ALBD.PNG.DDS",
		"size": 89478660,
		"date": 1600222089563
	  },
	  {
		"path": "SimObjects/AirPlanes/Asobo_A320_NEO_MALEVTP-HALADV3/TEXTURE.HALADV3/A320NEO_AIRFRAME_WINGS_ALBD.PNG.DDS.json",
		"size": 102,
		"date": 1597711348749
	  },
	  {
		"path": "SimObjects/AirPlanes/Asobo_A320_NEO_MALEVTP-HALADV3/TEXTURE.HALADV3/A320NEO_AIRFRAME_WINGS_COMP.PNG.DDS",
		"size": 5592580,
		"date": 1600292109155
	  },
	  {
		"path": "SimObjects/AirPlanes/Asobo_A320_NEO_MALEVTP-HALADV3/TEXTURE.HALADV3/A320NEO_AIRFRAME_WINGS_COMP.PNG.DDS.json",
		"size": 191,
		"date": 1597711348768
	  },
	  {
		"path": "SimObjects/AirPlanes/Asobo_A320_NEO_MALEVTP-HALADV3/TEXTURE.HALADV3/A320_NEO_LIVERYDECALS_ALBD.PNG.DDS",
		"size": 89478660,
		"date": 1600222089563
	  },
	  {
		"path": "SimObjects/AirPlanes/Asobo_A320_NEO_MALEVTP-HALADV3/TEXTURE.HALADV3/A320_NEO_LIVERYDECALS_ALBD.PNG.DDS.json",
		"size": 102,
		"date": 1597711348749
	  },
	  {
		"path": "SimObjects/AirPlanes/Asobo_A320_NEO_MALEVTP-HALADV3/TEXTURE.HALADV3/A320NEO_AIRFRAME_DECALS_ALBD.PNG.DDS",
		"size": 89478660,
		"date": 1600222089563
	  },
	  {
		"path": "SimObjects/AirPlanes/Asobo_A320_NEO_MALEVTP-HALADV3/TEXTURE.HALADV3/A320NEO_AIRFRAME_DECALS_ALBD.PNG.DDS.json",
		"size": 102,
		"date": 1597711348749
	  },
	  {
		"path": "SimObjects/AirPlanes/Asobo_A320_NEO_MALEVTP-HALADV3/TEXTURE.HALADV3/A320NEO_COCKPIT_DECALSALPHA_ALBD.PNG.DDS",
		"size": 89478660,
		"date": 1600222089563
	  },
	  {
		"path": "SimObjects/AirPlanes/Asobo_A320_NEO_MALEVTP-HALADV3/TEXTURE.HALADV3/A320NEO_COCKPIT_DECALSALPHA_ALBD.PNG.DDS.json",
		"size": 102,
		"date": 1597711348749
	  },
	  {
		"path": "SimObjects/AirPlanes/Asobo_A320_NEO_MALEVTP-HALADV3/TEXTURE.HALADV3/texture.CFG",
		"size": 203,
		"date": 1600313218226
	  },
	  {
		"path": "SimObjects/AirPlanes/Asobo_A320_NEO_MALEVTP-HALADV3/TEXTURE.HALADV3/thumbnail.jpg",
		"size": 642787,
		"date": 1600488225575
	  },
	  {
		"path": "SimObjects/AirPlanes/Asobo_A320_NEO_MALEVTP-HALADV3/TEXTURE.HALADV3/thumbnail_small.jpg",
		"size": 133962,
		"date": 1600488300357
	  }
	]
  }