{
  "content": [
	{
	  "path": "SimObjects/Airplanes/MALEV/aircraft.cfg",
	  "size": 2074,
	  "date": 1619165890496
	},
	{
	  "path": "SimObjects/Airplanes/MALEV/model.MALEV/747_8I.xml",
	  "size": 14706,
	  "date": 1620773212852
	},
	{
	  "path": "SimObjects/Airplanes/MALEV/model.MALEV/747_8I_LOD00.bin",
	  "size": 59033168,
	  "date": 1620810362871
	},
	{
	  "path": "SimObjects/Airplanes/MALEV/model.MALEV/747_8I_LOD00.gltf",
	  "size": 1112877,
	  "date": 1620810362870
	},
	{
	  "path": "SimObjects/Airplanes/MALEV/model.MALEV/747_8I_LOD01.bin",
	  "size": 40277960,
	  "date": 1620810363017
	},
	{
	  "path": "SimObjects/Airplanes/MALEV/model.MALEV/747_8I_LOD01.gltf",
	  "size": 1087420,
	  "date": 1620810363016
	},
	{
	  "path": "SimObjects/Airplanes/MALEV/model.MALEV/747_8I_LOD02.bin",
	  "size": 19870808,
	  "date": 1620810363096
	},
	{
	  "path": "SimObjects/Airplanes/MALEV/model.MALEV/747_8I_LOD02.gltf",
	  "size": 1031909,
	  "date": 1620810363095
	},
	{
	  "path": "SimObjects/Airplanes/MALEV/model.MALEV/747_8I_LOD03.bin",
	  "size": 4688688,
	  "date": 1620810363129
	},
	{
	  "path": "SimObjects/Airplanes/MALEV/model.MALEV/747_8I_LOD03.gltf",
	  "size": 693208,
	  "date": 1620810363129
	},
	{
	  "path": "SimObjects/Airplanes/MALEV/model.MALEV/747_8I_LOD04.bin",
	  "size": 4345936,
	  "date": 1620810363159
	},
	{
	  "path": "SimObjects/Airplanes/MALEV/model.MALEV/747_8I_LOD04.gltf",
	  "size": 585346,
	  "date": 1620810363158
	},
	{
	  "path": "SimObjects/Airplanes/MALEV/model.MALEV/747_8I_LOD05.bin",
	  "size": 1026864,
	  "date": 1620810363172
	},
	{
	  "path": "SimObjects/Airplanes/MALEV/model.MALEV/747_8I_LOD05.gltf",
	  "size": 172315,
	  "date": 1620810363171
	},
	{
	  "path": "SimObjects/Airplanes/MALEV/model.MALEV/747_8I_LOD06.bin",
	  "size": 206840,
	  "date": 1618364971040
	},
	{
	  "path": "SimObjects/Airplanes/MALEV/model.MALEV/747_8I_LOD06.gltf",
	  "size": 31418,
	  "date": 1618364971041
	},
	{
	  "path": "SimObjects/Airplanes/MALEV/model.MALEV/model.CFG",
	  "size": 244,
	  "date": 1615420781619
	},
	{
	  "path": "SimObjects/Airplanes/MALEV/texture.MALEV/747_8I_AIRFRAME_BELLYDECAL2_ALBD.PNG.dds",
	  "size": 174904,
	  "date": 1618353939350
	},
	{
	  "path": "SimObjects/Airplanes/MALEV/texture.MALEV/747_8I_AIRFRAME_BELLYDECAL2_ALBD.PNG.DDS.json",
	  "size": 102,
	  "date": 1618353939351
	},
	{
	  "path": "SimObjects/Airplanes/MALEV/texture.MALEV/747_8I_AIRFRAME_BELLYDECAL2_COMP.PNG.DDS",
	  "size": 349700,
	  "date": 1618353939351
	},
	{
	  "path": "SimObjects/Airplanes/MALEV/texture.MALEV/747_8I_AIRFRAME_BELLYDECAL2_COMP.PNG.DDS.json",
	  "size": 191,
	  "date": 1618353939608
	},
	{
	  "path": "SimObjects/Airplanes/MALEV/texture.MALEV/747_8I_AIRFRAME_FUSELAGE_ALBD.PNG.DDS",
	  "size": 5592580,
	  "date": 1620767656030
	},
	{
	  "path": "SimObjects/Airplanes/MALEV/texture.MALEV/747_8I_AIRFRAME_FUSELAGE_ALBD.PNG.DDS.json",
	  "size": 102,
	  "date": 1618353939892
	},
	{
	  "path": "SimObjects/Airplanes/MALEV/texture.MALEV/747_8I_AIRFRAME_FUSELAGE_COMP.PNG.DDS",
	  "size": 5592580,
	  "date": 1620768050005
	},
	{
	  "path": "SimObjects/Airplanes/MALEV/texture.MALEV/747_8I_AIRFRAME_FUSELAGE_COMP.PNG.DDS.json",
	  "size": 191,
	  "date": 1618353939915
	},
	{
	  "path": "SimObjects/Airplanes/MALEV/texture.MALEV/747_8I_AIRFRAME_LIVERY2_ALBD.PNG.DDS",
	  "size": 164,
	  "date": 1619647539026
	},
	{
	  "path": "SimObjects/Airplanes/MALEV/texture.MALEV/747_8I_AIRFRAME_LIVERY2_ALBD.PNG.DDS.json",
	  "size": 119,
	  "date": 1618351518298
	},
	{
	  "path": "SimObjects/Airplanes/MALEV/texture.MALEV/747_8I_AIRFRAME_LIVERYDECALS_ALBD.PNG.DDS",
	  "size": 67109012,
	  "date": 1620758630984
	},
	{
	  "path": "SimObjects/Airplanes/MALEV/texture.MALEV/747_8I_AIRFRAME_LIVERYDECALS_ALBD.PNG.DDS.json",
	  "size": 119,
	  "date": 1608694701007
	},
	{
	  "path": "SimObjects/Airplanes/MALEV/texture.MALEV/747_8I_AIRFRAME_LIVERY_ALBD.PNG.DDS",
	  "size": 67109012,
	  "date": 1620758565148
	},
	{
	  "path": "SimObjects/Airplanes/MALEV/texture.MALEV/747_8I_AIRFRAME_LIVERY_ALBD.PNG.DDS.json",
	  "size": 119,
	  "date": 1618353940082
	},
	{
	  "path": "SimObjects/Airplanes/MALEV/texture.MALEV/747_8I_AIRFRAME_LOD6_ALBD.PNG.dds",
	  "size": 174948,
	  "date": 1620766297809
	},
	{
	  "path": "SimObjects/Airplanes/MALEV/texture.MALEV/747_8I_AIRFRAME_LOD6_ALBD.PNG.DDS.json",
	  "size": 102,
	  "date": 1618353940083
	},
	{
	  "path": "SimObjects/Airplanes/MALEV/texture.MALEV/texture.cfg",
	  "size": 245,
	  "date": 1620072026655
	},
	{
	  "path": "SimObjects/Airplanes/MALEV/texture.MALEV/thumbnail.jpg",
	  "size": 204254,
	  "date": 1618353941284
	},
	{
	  "path": "SimObjects/Airplanes/MALEV/texture.MALEV/thumbnail_small.jpg",
	  "size": 40291,
	  "date": 1618353941284
	}
  ]
}
