{
  "content": [

    {
      "path": "SimObjects/AirPlanes/TP_microsoft_a310_300_MALEV/aircraft.cfg",
      "size": 2090,
      "date": 133134286902707465
    },
    {
      "path": "SimObjects/AirPlanes/TP_microsoft_a310_300_MALEV/TEXTURE.MAH/A310_EXT_DECALS_1_ALBD.PNG.DDS",
      "size": 5592560,
      "date": 133126583098316324
    },
    {
      "path": "SimObjects/AirPlanes/TP_microsoft_a310_300_MALEV/TEXTURE.MAH/A310_EXT_DECALS_1_ALBD.PNG.DDS.json",
      "size": 119,
      "date": 133126583098316324
    },
    {
      "path": "SimObjects/AirPlanes/TP_microsoft_a310_300_MALEV/TEXTURE.MAH/A310_FUSE_1_ALBD.PNG.DDS",
      "size": 8388736,
      "date": 133134294735013931
    },
    {
      "path": "SimObjects/AirPlanes/TP_microsoft_a310_300_MALEV/TEXTURE.MAH/A310_FUSE_1_ALBD.PNG.DDS.json",
      "size": 102,
      "date": 133126583098426027
    },
    {
      "path": "SimObjects/AirPlanes/TP_microsoft_a310_300_MALEV/TEXTURE.MAH/A310_FUSE_2_ALBD.PNG.DDS",
      "size": 8388736,
      "date": 133134294987607097
    },
    {
      "path": "SimObjects/AirPlanes/TP_microsoft_a310_300_MALEV/TEXTURE.MAH/A310_FUSE_2_ALBD.PNG.DDS.json",
      "size": 102,
      "date": 133126583098535735
    },
    {
      "path": "SimObjects/AirPlanes/TP_microsoft_a310_300_MALEV/TEXTURE.MAH/A310_FUSE_3_ALBD.PNG.DDS",
      "size": 8388736,
      "date": 133134295817180270
    },
    {
      "path": "SimObjects/AirPlanes/TP_microsoft_a310_300_MALEV/TEXTURE.MAH/A310_FUSE_3_ALBD.PNG.DDS.json",
      "size": 102,
      "date": 133126583098645440
    },
    {
      "path": "SimObjects/AirPlanes/TP_microsoft_a310_300_MALEV/TEXTURE.MAH/A310_FUSE_4_ALBD.PNG.DDS",
      "size": 8388736,
      "date": 133134307661223301
    },
    {
      "path": "SimObjects/AirPlanes/TP_microsoft_a310_300_MALEV/TEXTURE.MAH/A310_FUSE_4_ALBD.PNG.DDS.json",
      "size": 102,
      "date": 133126583098735202
    },
    {
      "path": "SimObjects/AirPlanes/TP_microsoft_a310_300_MALEV/TEXTURE.MAH/A310_FUSE_5_ALBD.PNG.DDS",
      "size": 8388736,
      "date": 133134308210419569
    },
    {
      "path": "SimObjects/AirPlanes/TP_microsoft_a310_300_MALEV/TEXTURE.MAH/A310_FUSE_5_ALBD.PNG.DDS.json",
      "size": 102,
      "date": 133126583098844906
    },
    {
      "path": "SimObjects/AirPlanes/TP_microsoft_a310_300_MALEV/TEXTURE.MAH/A310_GE_ENGINES_LEFT_ALBD.PNG.DDS",
      "size": 2796344,
      "date": 133126583099902077
    },
    {
      "path": "SimObjects/AirPlanes/TP_microsoft_a310_300_MALEV/TEXTURE.MAH/A310_GE_ENGINES_LEFT_ALBD.PNG.DDS.json",
      "size": 102,
      "date": 133126583098944637
    },
    {
      "path": "SimObjects/AirPlanes/TP_microsoft_a310_300_MALEV/TEXTURE.MAH/A310_GE_ENGINES_RIGHT_ALBD.PNG.DDS",
      "size": 2796344,
      "date": 133126583100031730
    },
    {
      "path": "SimObjects/AirPlanes/TP_microsoft_a310_300_MALEV/TEXTURE.MAH/A310_GE_ENGINES_RIGHT_ALBD.PNG.DDS.json",
      "size": 102,
      "date": 133126583099064319
    },
    {
      "path": "SimObjects/AirPlanes/TP_microsoft_a310_300_MALEV/TEXTURE.MAH/A310_TAIL_ALBD.PNG.DDS",
      "size": 8388736,
      "date": 133134309101502422
    },
    {
      "path": "SimObjects/AirPlanes/TP_microsoft_a310_300_MALEV/TEXTURE.MAH/A310_TAIL_ALBD.PNG.DDS.json",
      "size": 102,
      "date": 133126583099154079
    },
    {
      "path": "SimObjects/AirPlanes/TP_microsoft_a310_300_MALEV/TEXTURE.MAH/A310_WING_LEFT_ALBD.PNG.DDS",
      "size": 2097280,
      "date": 133134309849860129
    },
    {
      "path": "SimObjects/AirPlanes/TP_microsoft_a310_300_MALEV/TEXTURE.MAH/A310_WING_LEFT_ALBD.PNG.DDS.json",
      "size": 102,
      "date": 133126583099243837
    },
    {
      "path": "SimObjects/AirPlanes/TP_microsoft_a310_300_MALEV/TEXTURE.MAH/A310_WING_RIGHT_ALBD.PNG.DDS",
      "size": 2097280,
      "date": 133134309704302083
    },
    {
      "path": "SimObjects/AirPlanes/TP_microsoft_a310_300_MALEV/TEXTURE.MAH/A310_WING_RIGHT_ALBD.PNG.DDS.json",
      "size": 102,
      "date": 133126583099343570
    },
    {
      "path": "SimObjects/AirPlanes/TP_microsoft_a310_300_MALEV/TEXTURE.MAH/MISC1_A.PNG.DDS",
      "size": 524416,
      "date": 133134311102473544
    },
    {
      "path": "SimObjects/AirPlanes/TP_microsoft_a310_300_MALEV/TEXTURE.MAH/MISC1_A.PNG.DDS.json",
      "size": 102,
      "date": 133126583099373491
    },
    {
      "path": "SimObjects/AirPlanes/TP_microsoft_a310_300_MALEV/TEXTURE.MAH/texture.CFG",
      "size": 52,
      "date": 133133163729475945
    },
    {
      "path": "SimObjects/AirPlanes/TP_microsoft_a310_300_MALEV/TEXTURE.MAH/thumbnail.JPG",
      "size": 242618,
      "date": 133126583099383467
    },
    {
      "path": "SimObjects/AirPlanes/TP_microsoft_a310_300_MALEV/TEXTURE.MAH/thumbnail_small.JPG",
      "size": 85928,
      "date": 133126583099383467
    }
  ]
}