<ModelBehaviors>
	<Include ModelBehaviorFile="Asobo\Generic\FX.xml"/>
	<Template Name="ASOBO_A320_FX">
		<Component ID="FX_CONTRAIL_QUAD">
			<OverrideTemplateParameters>
				<FX_CODE>(A:CONTRAILS CONDITIONS MET:1, Keyframe) 0 &gt; (A:GENERAL ENG COMBUSTION:1, Bool) 0 &gt; and</FX_CODE>
				<FX_OFFSET_X>0</FX_OFFSET_X>
				<FX_OFFSET_Y>0</FX_OFFSET_Y>
				<FX_OFFSET_Z>0</FX_OFFSET_Z>
				<FX_GUID>{F42CE638-11EB-4FC8-B9B0-111A220D681F}</FX_GUID>
				<FX_NAME>FX_CONTRAILS</FX_NAME>
			</OverrideTemplateParameters>
			<Component ID="FX_CONTRAIL_QUAD_LEFT_IN" Node="fx_exhaust_left">
				<UseTemplate Name="ASOBO_GT_FX"/>
			</Component>
			<Component ID="FX_CONTRAIL_QUAD_LEFT_OUT" Node="fx_exhaust_right">
				<UseTemplate Name="ASOBO_GT_FX"/>
			</Component>
		</Component>
		<Component ID="FX_CONTRAIL_RIBBON">
			<OverrideTemplateParameters>
				<FX_CODE>(A:CONTRAILS CONDITIONS MET:1, Keyframe) 0 &gt; (A:GENERAL ENG COMBUSTION:1, Bool) 0 &gt; and</FX_CODE>
				<FX_OFFSET_X>0</FX_OFFSET_X>
				<FX_OFFSET_Y>0</FX_OFFSET_Y>
				<FX_OFFSET_Z>0</FX_OFFSET_Z>
				<FX_GUID>{904EC2CE-F8DD-4480-99E7-B33F7CF6E114}</FX_GUID>
				<FX_NAME>FX_CONTRAILS_RIBBON</FX_NAME>
			</OverrideTemplateParameters>
			<Component ID="FX_CONTRAIL_RIBBON_LEFT_OUT" Node="fx_exhaust_left">
				<UseTemplate Name="ASOBO_GT_FX"/>
			</Component>
			<Component ID="FX_CONTRAIL_RIBBON_RIGHT_OUT" Node="fx_exhaust_right">
				<UseTemplate Name="ASOBO_GT_FX"/>
			</Component>
		</Component>
		<Component ID="LANDING_FX">
			<UseTemplate Name="ASOBO_WET_LG_GR_LANDING_FX">
				<FX_CONTACT_POINT_ID>0</FX_CONTACT_POINT_ID>
				<FX_NODE>fx_tire_contactPoint_center_in</FX_NODE>
			</UseTemplate>
			<UseTemplate Name="ASOBO_WET_LG_GR_LANDING_FX">
				<FX_CONTACT_POINT_ID>0</FX_CONTACT_POINT_ID>
				<FX_NODE>fx_tire_contactPoint_center_out</FX_NODE>
			</UseTemplate>
			<UseTemplate Name="ASOBO_WET_LG_GR_LANDING_FX">
				<FX_CONTACT_POINT_ID>1</FX_CONTACT_POINT_ID>
				<FX_NODE>fx_tire_contactPoint_left_in</FX_NODE>
			</UseTemplate>
			<UseTemplate Name="ASOBO_WET_LG_GR_LANDING_FX">
				<FX_CONTACT_POINT_ID>1</FX_CONTACT_POINT_ID>
				<FX_NODE>fx_tire_contactPoint_left_out</FX_NODE>
			</UseTemplate>
			<UseTemplate Name="ASOBO_WET_LG_GR_LANDING_FX">
				<FX_CONTACT_POINT_ID>2</FX_CONTACT_POINT_ID>
				<FX_NODE>fx_tire_contactPoint_right_in</FX_NODE>
			</UseTemplate>
			<UseTemplate Name="ASOBO_WET_LG_GR_LANDING_FX">
				<FX_CONTACT_POINT_ID>2</FX_CONTACT_POINT_ID>
				<FX_NODE>fx_tire_contactPoint_right_out</FX_NODE>
			</UseTemplate>
			<UseTemplate Name="ASOBO_SMOKE_LG_GR_LANDING_FX">
				<FX_CONTACT_POINT_ID>0</FX_CONTACT_POINT_ID>
				<FX_NODE>fx_tire_contactPoint_center_in</FX_NODE>
			</UseTemplate>
			<UseTemplate Name="ASOBO_SMOKE_LG_GR_LANDING_FX">
				<FX_CONTACT_POINT_ID>0</FX_CONTACT_POINT_ID>
				<FX_NODE>fx_tire_contactPoint_center_out</FX_NODE>
			</UseTemplate>
			<UseTemplate Name="ASOBO_SMOKE_LG_GR_LANDING_FX">
				<FX_CONTACT_POINT_ID>1</FX_CONTACT_POINT_ID>
				<FX_NODE>fx_tire_contactPoint_left_in</FX_NODE>
			</UseTemplate>
			<UseTemplate Name="ASOBO_SMOKE_LG_GR_LANDING_FX">
				<FX_CONTACT_POINT_ID>1</FX_CONTACT_POINT_ID>
				<FX_NODE>fx_tire_contactPoint_left_out</FX_NODE>
			</UseTemplate>
			<UseTemplate Name="ASOBO_SMOKE_LG_GR_LANDING_FX">
				<FX_CONTACT_POINT_ID>2</FX_CONTACT_POINT_ID>
				<FX_NODE>fx_tire_contactPoint_right_in</FX_NODE>
			</UseTemplate>
			<UseTemplate Name="ASOBO_SMOKE_LG_GR_LANDING_FX">
				<FX_CONTACT_POINT_ID>2</FX_CONTACT_POINT_ID>
				<FX_NODE>fx_tire_contactPoint_right_out</FX_NODE>
			</UseTemplate>
			<UseTemplate Name="ASOBO_DUST_GR_LANDING_FX">
				<FX_CONTACT_POINT_ID>0</FX_CONTACT_POINT_ID>
				<FX_NODE>fx_tire_contactPoint_center_in</FX_NODE>
			</UseTemplate>
			<UseTemplate Name="ASOBO_DUST_GR_LANDING_FX">
				<FX_CONTACT_POINT_ID>0</FX_CONTACT_POINT_ID>
				<FX_NODE>fx_tire_contactPoint_center_out</FX_NODE>
			</UseTemplate>
			<UseTemplate Name="ASOBO_DUST_GR_LANDING_FX">
				<FX_CONTACT_POINT_ID>1</FX_CONTACT_POINT_ID>
				<FX_NODE>fx_tire_contactPoint_left_in</FX_NODE>
			</UseTemplate>
			<UseTemplate Name="ASOBO_DUST_GR_LANDING_FX">
				<FX_CONTACT_POINT_ID>1</FX_CONTACT_POINT_ID>
				<FX_NODE>fx_tire_contactPoint_left_out</FX_NODE>
			</UseTemplate>
			<UseTemplate Name="ASOBO_DUST_GR_LANDING_FX">
				<FX_CONTACT_POINT_ID>2</FX_CONTACT_POINT_ID>
				<FX_NODE>fx_tire_contactPoint_right_in</FX_NODE>
			</UseTemplate>
			<UseTemplate Name="ASOBO_DUST_GR_LANDING_FX">
				<FX_CONTACT_POINT_ID>2</FX_CONTACT_POINT_ID>
				<FX_NODE>fx_tire_contactPoint_right_out</FX_NODE>
			</UseTemplate>
			<UseTemplate Name="ASOBO_GRASS_GR_LANDING_FX">
				<FX_CONTACT_POINT_ID>0</FX_CONTACT_POINT_ID>
				<FX_NODE>fx_tire_contactPoint_center_in</FX_NODE>
			</UseTemplate>
			<UseTemplate Name="ASOBO_GRASS_GR_LANDING_FX">
				<FX_CONTACT_POINT_ID>0</FX_CONTACT_POINT_ID>
				<FX_NODE>fx_tire_contactPoint_center_out</FX_NODE>
			</UseTemplate>
			<UseTemplate Name="ASOBO_GRASS_GR_LANDING_FX">
				<FX_CONTACT_POINT_ID>1</FX_CONTACT_POINT_ID>
				<FX_NODE>fx_tire_contactPoint_left_in</FX_NODE>
			</UseTemplate>
			<UseTemplate Name="ASOBO_GRASS_GR_LANDING_FX">
				<FX_CONTACT_POINT_ID>1</FX_CONTACT_POINT_ID>
				<FX_NODE>fx_tire_contactPoint_left_out</FX_NODE>
			</UseTemplate>
			<UseTemplate Name="ASOBO_GRASS_GR_LANDING_FX">
				<FX_CONTACT_POINT_ID>2</FX_CONTACT_POINT_ID>
				<FX_NODE>fx_tire_contactPoint_right_in</FX_NODE>
			</UseTemplate>
			<UseTemplate Name="ASOBO_GRASS_GR_LANDING_FX">
				<FX_CONTACT_POINT_ID>2</FX_CONTACT_POINT_ID>
				<FX_NODE>fx_tire_contactPoint_right_out</FX_NODE>
			</UseTemplate>
			<UseTemplate Name="ASOBO_SNOW_LG_GR_LANDING_FX">
				<FX_CONTACT_POINT_ID>0</FX_CONTACT_POINT_ID>
				<FX_NODE>fx_tire_contactPoint_center_in</FX_NODE>
			</UseTemplate>
			<UseTemplate Name="ASOBO_SNOW_LG_GR_LANDING_FX">
				<FX_CONTACT_POINT_ID>0</FX_CONTACT_POINT_ID>
				<FX_NODE>fx_tire_contactPoint_center_out</FX_NODE>
			</UseTemplate>
			<UseTemplate Name="ASOBO_SNOW_LG_GR_LANDING_FX">
				<FX_CONTACT_POINT_ID>1</FX_CONTACT_POINT_ID>
				<FX_NODE>fx_tire_contactPoint_left_in</FX_NODE>
			</UseTemplate>
			<UseTemplate Name="ASOBO_SNOW_LG_GR_LANDING_FX">
				<FX_CONTACT_POINT_ID>1</FX_CONTACT_POINT_ID>
				<FX_NODE>fx_tire_contactPoint_left_out</FX_NODE>
			</UseTemplate>
			<UseTemplate Name="ASOBO_SNOW_LG_GR_LANDING_FX">
				<FX_CONTACT_POINT_ID>2</FX_CONTACT_POINT_ID>
				<FX_NODE>fx_tire_contactPoint_right_in</FX_NODE>
			</UseTemplate>
			<UseTemplate Name="ASOBO_SNOW_LG_GR_LANDING_FX">
				<FX_CONTACT_POINT_ID>2</FX_CONTACT_POINT_ID>
				<FX_NODE>fx_tire_contactPoint_right_out</FX_NODE>
			</UseTemplate>
			<UseTemplate Name="ASOBO_WATER_GR_LANDING_FX">
				<FX_CONTACT_POINT_ID>0</FX_CONTACT_POINT_ID>
				<FX_NODE>fx_tire_contactPoint_center_in</FX_NODE>
			</UseTemplate>
			<UseTemplate Name="ASOBO_WATER_GR_LANDING_FX">
				<FX_CONTACT_POINT_ID>0</FX_CONTACT_POINT_ID>
				<FX_NODE>fx_tire_contactPoint_center_out</FX_NODE>
			</UseTemplate>
			<UseTemplate Name="ASOBO_WATER_GR_LANDING_FX">
				<FX_CONTACT_POINT_ID>1</FX_CONTACT_POINT_ID>
				<FX_NODE>fx_tire_contactPoint_left_in</FX_NODE>
			</UseTemplate>
			<UseTemplate Name="ASOBO_WATER_GR_LANDING_FX">
				<FX_CONTACT_POINT_ID>1</FX_CONTACT_POINT_ID>
				<FX_NODE>fx_tire_contactPoint_left_out</FX_NODE>
			</UseTemplate>
			<UseTemplate Name="ASOBO_WATER_GR_LANDING_FX">
				<FX_CONTACT_POINT_ID>2</FX_CONTACT_POINT_ID>
				<FX_NODE>fx_tire_contactPoint_right_in</FX_NODE>
			</UseTemplate>
			<UseTemplate Name="ASOBO_WATER_GR_LANDING_FX">
				<FX_CONTACT_POINT_ID>2</FX_CONTACT_POINT_ID>
				<FX_NODE>fx_tire_contactPoint_right_out</FX_NODE>
			</UseTemplate>
		</Component>
	</Template>
</ModelBehaviors>