{
	"content": [
          {
 	     	"path": "manifest.json",
      		"size": 308,
      		"date": 132449148000000000
          },
	  {
		"path": "SimObjects/AirPlanes/Asobo_A320_NEO_Global Jet Luxembourg reg/aircraft.cfg",
		"size": 2154,
		"date": 1600488552573
	  },
	  {
		"path": "SimObjects/AirPlanes/Asobo_A320_NEO_Global Jet Luxembourg reg/TEXTURE.MRBUS/A320NEO_AIRFRAME_ENGINES_ALBD.PNG.DDS",
		"size": 5592580,
		"date": 1599390497388
	  },
	  {
		"path": "SimObjects/AirPlanes/Asobo_A320_NEO_Global Jet Luxembourg reg/TEXTURE.MRBUS/A320NEO_AIRFRAME_ENGINES_ALBD.PNG.DDS.json",
		"size": 102,
		"date": 1597711348322
	  },
	  {
		"path": "SimObjects/AirPlanes/Asobo_A320_NEO_Global Jet Luxembourg reg/TEXTURE.MRBUS/A320NEO_AIRFRAME_ENGINES_COMP.PNG.DDS",
		"size": 5592580,
		"date": 1599568761526
	  },
	  {
		"path": "SimObjects/AirPlanes/Asobo_A320_NEO_Global Jet Luxembourg reg/TEXTURE.MRBUS/A320NEO_AIRFRAME_ENGINES_COMP.PNG.DDS.json",
		"size": 191,
		"date": 1597711348340
	  },
	  {
		"path": "SimObjects/AirPlanes/Asobo_A320_NEO_Global Jet Luxembourg reg/TEXTURE.MRBUS/A320NEO_AIRFRAME_FUSELAGE_ALBD.PNG.DDS",
		"size": 89478660,
		"date": 1600481991441
	  },
	  {
		"path": "SimObjects/AirPlanes/Asobo_A320_NEO_Global Jet Luxembourg reg/TEXTURE.MRBUS/A320NEO_AIRFRAME_FUSELAGE_ALBD.PNG.DDS.json",
		"size": 102,
		"date": 1597711348403
	  },
	  {
		"path": "SimObjects/AirPlanes/Asobo_A320_NEO_Global Jet Luxembourg reg/TEXTURE.MRBUS/A320NEO_AIRFRAME_FUSELAGE_COMP.dds",
		"size": 5592580,
		"date": 1600290721688
	  },
	  {
		"path": "SimObjects/AirPlanes/Asobo_A320_NEO_Global Jet Luxembourg reg/TEXTURE.MRBUS/A320NEO_AIRFRAME_FUSELAGE_COMP.PNG.dds",
		"size": 5592580,
		"date": 1600290821086
	  },
	  {
		"path": "SimObjects/AirPlanes/Asobo_A320_NEO_Global Jet Luxembourg reg/TEXTURE.MRBUS/A320NEO_AIRFRAME_FUSELAGE_COMP.PNG.DDS.json",
		"size": 191,
		"date": 1597711348426
	  },
	  {
		"path": "SimObjects/AirPlanes/Asobo_A320_NEO_Global Jet Luxembourg reg/TEXTURE.MRBUS/A320NEO_AIRFRAME_LIVERY_ALBD.PNG.DDS",
		"size": 89478660,
		"date": 1600233490003
	  },
	  {
		"path": "SimObjects/AirPlanes/Asobo_A320_NEO_Global Jet Luxembourg reg/TEXTURE.MRBUS/A320NEO_AIRFRAME_LIVERY_ALBD.PNG.DDS.json",
		"size": 119,
		"date": 1597711348664
	  },
	  {
		"path": "SimObjects/AirPlanes/Asobo_A320_NEO_Global Jet Luxembourg reg/TEXTURE.MRBUS/A320NEO_AIRFRAME_LIVERY_TEXTS_ALBD.PNG.DDS",
		"size": 5592580,
		"date": 1599386953963
	  },
	  {
		"path": "SimObjects/AirPlanes/Asobo_A320_NEO_Global Jet Luxembourg reg/TEXTURE.MRBUS/A320NEO_AIRFRAME_LIVERY_TEXTS_ALBD.PNG.DDS.json",
		"size": 119,
		"date": 1597711348670
	  },
	  {
		"path": "SimObjects/AirPlanes/Asobo_A320_NEO_Global Jet Luxembourg reg/TEXTURE.MRBUS/A320NEO_AIRFRAME_WINGS_ALBD.PNG.DDS",
		"size": 89478660,
		"date": 1600222089563
	  },
	  {
		"path": "SimObjects/AirPlanes/Asobo_A320_NEO_Global Jet Luxembourg reg/TEXTURE.MRBUS/A320NEO_AIRFRAME_WINGS_ALBD.PNG.DDS.json",
		"size": 102,
		"date": 1597711348749
	  },
	  {
		"path": "SimObjects/AirPlanes/Asobo_A320_NEO_Global Jet Luxembourg reg/TEXTURE.MRBUS/A320NEO_AIRFRAME_WINGS_COMP.PNG.DDS",
		"size": 5592580,
		"date": 1600292109155
	  },
	  {
		"path": "SimObjects/AirPlanes/Asobo_A320_NEO_Global Jet Luxembourg reg/TEXTURE.MRBUS/A320NEO_AIRFRAME_WINGS_COMP.PNG.DDS.json",
		"size": 191,
		"date": 1597711348768
	  },
	  {
		"path": "SimObjects/AirPlanes/Asobo_A320_NEO_Global Jet Luxembourg reg/TEXTURE.MRBUS/texture.CFG",
		"size": 203,
		"date": 1600313218226
	  },
	  {
		"path": "SimObjects/AirPlanes/Asobo_A320_NEO_Global Jet Luxembourg reg/TEXTURE.MRBUS/thumbnail.jpg",
		"size": 642787,
		"date": 1600488225575
	  },
	  {
		"path": "SimObjects/AirPlanes/Asobo_A320_NEO_Global Jet Luxembourg reg/TEXTURE.MRBUS/thumbnail_small.jpg",
		"size": 133962,
		"date": 1600488300357
	  }
	]
  }