{
  "content": [
    {
      "path": "SimObjects/AirPlanes/Asobo_A320_NEO_MALEV-TP-V3/aircraft.cfg",
      "size": 2128,
      "date": 132752129024753418
    },
    {
      "path": "SimObjects/AirPlanes/Asobo_A320_NEO_MALEV-TP-V3/model.MALEV-TP-V3/A320_NEO.xml",
      "size": 9236,
      "date": 132752137972771441
    },
    {
      "path": "SimObjects/AirPlanes/Asobo_A320_NEO_MALEV-TP-V3/model.MALEV-TP-V3/A320_NEO_FX.xml",
      "size": 7895,
      "date": 132969792688812503
    },
    {
      "path": "SimObjects/AirPlanes/Asobo_A320_NEO_MALEV-TP-V3/model.MALEV-TP-V3/A320_NEO_LOD00.bin",
      "size": 28998284,
      "date": 132985610947704551
    },
    {
      "path": "SimObjects/AirPlanes/Asobo_A320_NEO_MALEV-TP-V3/model.MALEV-TP-V3/A320_NEO_LOD00.gltf",
      "size": 662277,
      "date": 132985610947704551
    },
    {
      "path": "SimObjects/AirPlanes/Asobo_A320_NEO_MALEV-TP-V3/model.MALEV-TP-V3/A320_NEO_LOD01.bin",
      "size": 19580220,
      "date": 132985610947906673
    },
    {
      "path": "SimObjects/AirPlanes/Asobo_A320_NEO_MALEV-TP-V3/model.MALEV-TP-V3/A320_NEO_LOD01.gltf",
      "size": 624253,
      "date": 132985610947906673
    },
    {
      "path": "SimObjects/AirPlanes/Asobo_A320_NEO_MALEV-TP-V3/model.MALEV-TP-V3/A320_NEO_LOD02.bin",
      "size": 8295604,
      "date": 132985610948056273
    },
    {
      "path": "SimObjects/AirPlanes/Asobo_A320_NEO_MALEV-TP-V3/model.MALEV-TP-V3/A320_NEO_LOD02.gltf",
      "size": 559205,
      "date": 132985610948046303
    },
    {
      "path": "SimObjects/AirPlanes/Asobo_A320_NEO_MALEV-TP-V3/model.MALEV-TP-V3/A320_NEO_LOD03.bin",
      "size": 2865844,
      "date": 132985610948172670
    },
    {
      "path": "SimObjects/AirPlanes/Asobo_A320_NEO_MALEV-TP-V3/model.MALEV-TP-V3/A320_NEO_LOD03.gltf",
      "size": 443484,
      "date": 132985610948172670
    },
    {
      "path": "SimObjects/AirPlanes/Asobo_A320_NEO_MALEV-TP-V3/model.MALEV-TP-V3/A320_NEO_LOD04.bin",
      "size": 1690748,
      "date": 132985610948262760
    },
    {
      "path": "SimObjects/AirPlanes/Asobo_A320_NEO_MALEV-TP-V3/model.MALEV-TP-V3/A320_NEO_LOD04.gltf",
      "size": 362722,
      "date": 132985610948252693
    },
    {
      "path": "SimObjects/AirPlanes/Asobo_A320_NEO_MALEV-TP-V3/model.MALEV-TP-V3/A320_NEO_LOD05.bin",
      "size": 1364892,
      "date": 132985610948342213
    },
    {
      "path": "SimObjects/AirPlanes/Asobo_A320_NEO_MALEV-TP-V3/model.MALEV-TP-V3/A320_NEO_LOD05.gltf",
      "size": 343607,
      "date": 132985610948332243
    },
    {
      "path": "SimObjects/AirPlanes/Asobo_A320_NEO_MALEV-TP-V3/model.MALEV-TP-V3/A320_NEO_LOD06.bin",
      "size": 295836,
      "date": 132985610948362397
    },
    {
      "path": "SimObjects/AirPlanes/Asobo_A320_NEO_MALEV-TP-V3/model.MALEV-TP-V3/A320_NEO_LOD06.gltf",
      "size": 14861,
      "date": 132985610948362397
    },
    {
      "path": "SimObjects/AirPlanes/Asobo_A320_NEO_MALEV-TP-V3/model.MALEV-TP-V3/model.CFG",
      "size": 911,
      "date": 132749826032735448
    },
    {
      "path": "SimObjects/AirPlanes/Asobo_A320_NEO_MALEV-TP-V3/TEXTURE.MALEV-TP-V3/A320NEO_AIRFRAME_DECALS_ALBD.PNG.DDS",
      "size": 2097280,
      "date": 132678933842629624
    },
    {
      "path": "SimObjects/AirPlanes/Asobo_A320_NEO_MALEV-TP-V3/TEXTURE.MALEV-TP-V3/A320NEO_AIRFRAME_DECALS_ALBD.PNG.DDS.json",
      "size": 119,
      "date": 132730018440000000
    },
    {
      "path": "SimObjects/AirPlanes/Asobo_A320_NEO_MALEV-TP-V3/TEXTURE.MALEV-TP-V3/A320NEO_AIRFRAME_ENGINES_ALBD.PNG.DDS",
      "size": 2796344,
      "date": 132422058360000000
    },
    {
      "path": "SimObjects/AirPlanes/Asobo_A320_NEO_MALEV-TP-V3/TEXTURE.MALEV-TP-V3/A320NEO_AIRFRAME_ENGINES_ALBD.PNG.DDS.json",
      "size": 102,
      "date": 132458742060000000
    },
    {
      "path": "SimObjects/AirPlanes/Asobo_A320_NEO_MALEV-TP-V3/TEXTURE.MALEV-TP-V3/A320NEO_AIRFRAME_ENGINES_COMP.PNG.DDS",
      "size": 5592580,
      "date": 132458706060000000
    },
    {
      "path": "SimObjects/AirPlanes/Asobo_A320_NEO_MALEV-TP-V3/TEXTURE.MALEV-TP-V3/A320NEO_AIRFRAME_ENGINES_COMP.PNG.DDS.json",
      "size": 191,
      "date": 132458742060000000
    },
    {
      "path": "SimObjects/AirPlanes/Asobo_A320_NEO_MALEV-TP-V3/TEXTURE.MALEV-TP-V3/A320NEO_AIRFRAME_FUSELAGE_ALBD.PNG.DDS",
      "size": 2097280,
      "date": 132733970069896742
    },
    {
      "path": "SimObjects/AirPlanes/Asobo_A320_NEO_MALEV-TP-V3/TEXTURE.MALEV-TP-V3/A320NEO_AIRFRAME_FUSELAGE_ALBD.PNG.DDS.json",
      "size": 102,
      "date": 132458742060000000
    },
    {
      "path": "SimObjects/AirPlanes/Asobo_A320_NEO_MALEV-TP-V3/TEXTURE.MALEV-TP-V3/A320NEO_AIRFRAME_FUSELAGE_COMP.PNG.dds",
      "size": 2097280,
      "date": 132467256040000000
    },
    {
      "path": "SimObjects/AirPlanes/Asobo_A320_NEO_MALEV-TP-V3/TEXTURE.MALEV-TP-V3/A320NEO_AIRFRAME_FUSELAGE_COMP.PNG.DDS.json",
      "size": 191,
      "date": 132458742060000000
    },
    {
      "path": "SimObjects/AirPlanes/Asobo_A320_NEO_MALEV-TP-V3/TEXTURE.MALEV-TP-V3/A320NEO_AIRFRAME_LIVERY_ALBD.PNG.DDS",
      "size": 33554560,
      "date": 132752126403325276
    },
    {
      "path": "SimObjects/AirPlanes/Asobo_A320_NEO_MALEV-TP-V3/TEXTURE.MALEV-TP-V3/A320NEO_AIRFRAME_LIVERY_ALBD.PNG.DDS.json",
      "size": 119,
      "date": 132458742060000000
    },
    {
      "path": "SimObjects/AirPlanes/Asobo_A320_NEO_MALEV-TP-V3/TEXTURE.MALEV-TP-V3/A320NEO_AIRFRAME_LIVERY_TEXTS_ALBD.PNG.DDS",
      "size": 524416,
      "date": 132733964083132747
    },
    {
      "path": "SimObjects/AirPlanes/Asobo_A320_NEO_MALEV-TP-V3/TEXTURE.MALEV-TP-V3/A320NEO_AIRFRAME_LIVERY_TEXTS_ALBD.PNG.DDS.json",
      "size": 119,
      "date": 132458742060000000
    },
    {
      "path": "SimObjects/AirPlanes/Asobo_A320_NEO_MALEV-TP-V3/TEXTURE.MALEV-TP-V3/A320NEO_AIRFRAME_WINGS_ALBD.PNG.DDS",
      "size": 2097280,
      "date": 132733967614684045
    },
    {
      "path": "SimObjects/AirPlanes/Asobo_A320_NEO_MALEV-TP-V3/TEXTURE.MALEV-TP-V3/A320NEO_AIRFRAME_WINGS_ALBD.PNG.DDS.json",
      "size": 102,
      "date": 132458742060000000
    },
    {
      "path": "SimObjects/AirPlanes/Asobo_A320_NEO_MALEV-TP-V3/TEXTURE.MALEV-TP-V3/A320NEO_AIRFRAME_WINGS_COMP.PNG.DDS",
      "size": 2097280,
      "date": 132467239700000000
    },
    {
      "path": "SimObjects/AirPlanes/Asobo_A320_NEO_MALEV-TP-V3/TEXTURE.MALEV-TP-V3/A320NEO_AIRFRAME_WINGS_COMP.PNG.DDS.json",
      "size": 191,
      "date": 132458742060000000
    },
    {
      "path": "SimObjects/AirPlanes/Asobo_A320_NEO_MALEV-TP-V3/TEXTURE.MALEV-TP-V3/A320NEO_COCKPIT_DECALSALPHA_ALBD.PNG.DDS",
      "size": 524416,
      "date": 132603830360000000
    },
    {
      "path": "SimObjects/AirPlanes/Asobo_A320_NEO_MALEV-TP-V3/TEXTURE.MALEV-TP-V3/A320NEO_COCKPIT_DECALSALPHA_ALBD.PNG.DDS.json",
      "size": 119,
      "date": 132730018480000000
    },
    {
      "path": "SimObjects/AirPlanes/Asobo_A320_NEO_MALEV-TP-V3/TEXTURE.MALEV-TP-V3/A320_NEO_LIVERYDECALS_ALBD.PNG.DDS",
      "size": 33554560,
      "date": 132734296603605500
    },
    {
      "path": "SimObjects/AirPlanes/Asobo_A320_NEO_MALEV-TP-V3/TEXTURE.MALEV-TP-V3/A320_NEO_LIVERYDECALS_ALBD.PNG.DDS.json",
      "size": 119,
      "date": 132655463779350037
    },
    {
      "path": "SimObjects/AirPlanes/Asobo_A320_NEO_MALEV-TP-V3/TEXTURE.MALEV-TP-V3/texture.CFG",
      "size": 277,
      "date": 132752924593226172
    },
    {
      "path": "SimObjects/AirPlanes/Asobo_A320_NEO_MALEV-TP-V3/TEXTURE.MALEV-TP-V3/thumbnail.jpg",
      "size": 32359,
      "date": 132487107790797834
    },
    {
      "path": "SimObjects/AirPlanes/Asobo_A320_NEO_MALEV-TP-V3/TEXTURE.MALEV-TP-V3/thumbnail_small.jpg",
      "size": 32359,
      "date": 132487107790797834
    }
  ]
}