{
  "content": [

    {
      "path": "SimObjects/Airplanes/Asobo_B787_10-MAH/aircraft.cfg",
      "size": 2101,
      "date": 133033213147342469
    },
    {
      "path": "SimObjects/Airplanes/Asobo_B787_10-MAH/MODEL.MAH/B787.xml",
      "size": 9678,
      "date": 133013286372716444
    },
    {
      "path": "SimObjects/Airplanes/Asobo_B787_10-MAH/MODEL.MAH/B787_lod0.bin",
      "size": 43617900,
      "date": 133013282355387203
    },
    {
      "path": "SimObjects/Airplanes/Asobo_B787_10-MAH/MODEL.MAH/B787_lod0.gltf",
      "size": 818556,
      "date": 133013282355387203
    },
    {
      "path": "SimObjects/Airplanes/Asobo_B787_10-MAH/MODEL.MAH/B787_lod1.bin",
      "size": 30613504,
      "date": 133013282355835314
    },
    {
      "path": "SimObjects/Airplanes/Asobo_B787_10-MAH/MODEL.MAH/B787_lod1.gltf",
      "size": 768068,
      "date": 133013282355825337
    },
    {
      "path": "SimObjects/Airplanes/Asobo_B787_10-MAH/MODEL.MAH/B787_lod2.bin",
      "size": 15928856,
      "date": 133013282356116791
    },
    {
      "path": "SimObjects/Airplanes/Asobo_B787_10-MAH/MODEL.MAH/B787_lod2.gltf",
      "size": 638929,
      "date": 133013282356107150
    },
    {
      "path": "SimObjects/Airplanes/Asobo_B787_10-MAH/MODEL.MAH/B787_lod3.bin",
      "size": 4268588,
      "date": 133013282356358859
    },
    {
      "path": "SimObjects/Airplanes/Asobo_B787_10-MAH/MODEL.MAH/B787_lod3.gltf",
      "size": 588788,
      "date": 133013282356358859
    },
    {
      "path": "SimObjects/Airplanes/Asobo_B787_10-MAH/MODEL.MAH/B787_lod4.bin",
      "size": 3238020,
      "date": 133013282356558298
    },
    {
      "path": "SimObjects/Airplanes/Asobo_B787_10-MAH/MODEL.MAH/B787_lod4.gltf",
      "size": 464032,
      "date": 133013282356558298
    },
    {
      "path": "SimObjects/Airplanes/Asobo_B787_10-MAH/MODEL.MAH/B787_lod5.bin",
      "size": 936124,
      "date": 133013282356649099
    },
    {
      "path": "SimObjects/Airplanes/Asobo_B787_10-MAH/MODEL.MAH/B787_lod5.gltf",
      "size": 118725,
      "date": 133013282356639480
    },
    {
      "path": "SimObjects/Airplanes/Asobo_B787_10-MAH/MODEL.MAH/B787_lod6.bin",
      "size": 30724,
      "date": 132970129722421213
    },
    {
      "path": "SimObjects/Airplanes/Asobo_B787_10-MAH/MODEL.MAH/B787_lod6.gltf",
      "size": 9975,
      "date": 132970129735504791
    },
    {
      "path": "SimObjects/Airplanes/Asobo_B787_10-MAH/MODEL.MAH/model.CFG",
      "size": 247,
      "date": 132970315857489933
    },
    {
      "path": "SimObjects/Airplanes/Asobo_B787_10-MAH/TEXTURE.MAH/787-10_AIRFRAME_LIVERYDECALS_ALBD.PNG.DDS",
      "size": 67109012,
      "date": 133013282002017762
    },
    {
      "path": "SimObjects/Airplanes/Asobo_B787_10-MAH/TEXTURE.MAH/787-10_AIRFRAME_LIVERYDECALS_ALBD.PNG.DDS.json",
      "size": 119,
      "date": 132655463779350037
    },
    {
      "path": "SimObjects/Airplanes/Asobo_B787_10-MAH/TEXTURE.MAH/787_10_AIRFRAME_DECALS2_ALBD.PNG.DDS",
      "size": 5592560,
      "date": 132877684140000000
    },
    {
      "path": "SimObjects/Airplanes/Asobo_B787_10-MAH/TEXTURE.MAH/787_10_AIRFRAME_DECALS2_ALBD.PNG.DDS.FLAGS",
      "size": 18,
      "date": 132877684140000000
    },
    {
      "path": "SimObjects/Airplanes/Asobo_B787_10-MAH/TEXTURE.MAH/787_10_AIRFRAME_DECALS2_ALBD.PNG.DDS.json",
      "size": 119,
      "date": 132877684140000000
    },
    {
      "path": "SimObjects/Airplanes/Asobo_B787_10-MAH/TEXTURE.MAH/787_10_AIRFRAME_ENGINE_ALBD.PNG.DDS",
      "size": 2097280,
      "date": 133013287732617573
    },
    {
      "path": "SimObjects/Airplanes/Asobo_B787_10-MAH/TEXTURE.MAH/787_10_AIRFRAME_ENGINE_ALBD.PNG.DDS.json",
      "size": 102,
      "date": 132970129732952648
    },
    {
      "path": "SimObjects/Airplanes/Asobo_B787_10-MAH/TEXTURE.MAH/787_10_AIRFRAME_FUSELAGE1_ALBD.PNG.DDS",
      "size": 2097280,
      "date": 133013288697296663
    },
    {
      "path": "SimObjects/Airplanes/Asobo_B787_10-MAH/TEXTURE.MAH/787_10_AIRFRAME_FUSELAGE1_ALBD.PNG.DDS.json",
      "size": 102,
      "date": 132970129722550866
    },
    {
      "path": "SimObjects/Airplanes/Asobo_B787_10-MAH/TEXTURE.MAH/787_10_AIRFRAME_FUSELAGE2_ALBD.PNG.DDS",
      "size": 2097280,
      "date": 133013288557443859
    },
    {
      "path": "SimObjects/Airplanes/Asobo_B787_10-MAH/TEXTURE.MAH/787_10_AIRFRAME_FUSELAGE2_ALBD.PNG.DDS.json",
      "size": 102,
      "date": 132970129722590774
    },
    {
      "path": "SimObjects/Airplanes/Asobo_B787_10-MAH/TEXTURE.MAH/787_10_AIRFRAME_LIVERY1_ALBD.PNG.DDS",
      "size": 2097280,
      "date": 133013296311061043
    },
    {
      "path": "SimObjects/Airplanes/Asobo_B787_10-MAH/TEXTURE.MAH/787_10_AIRFRAME_LIVERY1_ALBD.PNG.DDS.json",
      "size": 119,
      "date": 132970049402929059
    },
    {
      "path": "SimObjects/Airplanes/Asobo_B787_10-MAH/TEXTURE.MAH/787_10_AIRFRAME_LIVERY2_ALBD.PNG.DDS",
      "size": 2097280,
      "date": 132974535163465733
    },
    {
      "path": "SimObjects/Airplanes/Asobo_B787_10-MAH/TEXTURE.MAH/787_10_AIRFRAME_LIVERY2_ALBD.PNG.DDS.json",
      "size": 119,
      "date": 132970049403000974
    },
    {
      "path": "SimObjects/Airplanes/Asobo_B787_10-MAH/TEXTURE.MAH/787_10_AIRFRAME_LOD6_ALBD.PNG.DDS",
      "size": 262292,
      "date": 133013287181726435
    },
    {
      "path": "SimObjects/Airplanes/Asobo_B787_10-MAH/TEXTURE.MAH/787_10_AIRFRAME_LOD6_ALBD.PNG.DDS.json",
      "size": 102,
      "date": 132970129722610702
    },
    {
      "path": "SimObjects/Airplanes/Asobo_B787_10-MAH/TEXTURE.MAH/787_10_AIRFRAME_TAIL_ALBD.PNG.DDS",
      "size": 2097280,
      "date": 133013301027669024
    },
    {
      "path": "SimObjects/Airplanes/Asobo_B787_10-MAH/TEXTURE.MAH/787_10_AIRFRAME_TAIL_ALBD.PNG.DDS.json",
      "size": 102,
      "date": 132970129722670535
    },
    {
      "path": "SimObjects/Airplanes/Asobo_B787_10-MAH/TEXTURE.MAH/787_10_AIRFRAME_TAIL_COMP.PNG.DDS",
      "size": 5592580,
      "date": 132877684160000000
    },
    {
      "path": "SimObjects/Airplanes/Asobo_B787_10-MAH/TEXTURE.MAH/787_10_AIRFRAME_TAIL_COMP.PNG.DDS.json",
      "size": 191,
      "date": 132877684160000000
    },
    {
      "path": "SimObjects/Airplanes/Asobo_B787_10-MAH/TEXTURE.MAH/787_10_AIRFRAME_WINGS_ALBD.PNG.DDS",
      "size": 2796344,
      "date": 132970129722710759
    },
    {
      "path": "SimObjects/Airplanes/Asobo_B787_10-MAH/TEXTURE.MAH/787_10_AIRFRAME_WINGS_ALBD.PNG.DDS.json",
      "size": 102,
      "date": 132970129722720408
    },
    {
      "path": "SimObjects/Airplanes/Asobo_B787_10-MAH/TEXTURE.MAH/ARROWFADE.PNG.DDS",
      "size": 131200,
      "date": 132970186580970478
    },
    {
      "path": "SimObjects/Airplanes/Asobo_B787_10-MAH/TEXTURE.MAH/ARROWFADE.PNG.DDS.json",
      "size": 102,
      "date": 132970129722610702
    },
    {
      "path": "SimObjects/Airplanes/Asobo_B787_10-MAH/TEXTURE.MAH/texture.CFG",
      "size": 335,
      "date": 132970129722720408
    },
    {
      "path": "SimObjects/Airplanes/Asobo_B787_10-MAH/TEXTURE.MAH/thumbnail.JPG",
      "size": 115514,
      "date": 133028203963804523
    },
    {
      "path": "SimObjects/Airplanes/Asobo_B787_10-MAH/TEXTURE.MAH/thumbnail_small.JPG",
      "size": 25999,
      "date": 133028204070969721
    }
  ]
}